parameter,value
X1,100.0
X2,-1.6321892574799441
X3,300.0
X4,1.7726359968442156
